,Time,Amplitude
0,0.0,(0.07195219993806468+0j)
1,1e-05,(0.1488566658077678+0j)
2,2e-05,(0.23410951711459882+0j)
3,3.0000000000000004e-05,(0.32612229079137145+0j)
4,4e-05,(0.4232860394240854+0j)
5,5e-05,(0.5239948857254813+0j)
6,6.000000000000001e-05,(0.6266684299858319+0j)
7,7.000000000000001e-05,(0.7297727495897315+0j)
8,8e-05,(0.8318397616871868+0j)
9,9e-05,(0.931484753821767+0j)
10,0.0001,(1.0274219221940968+0j)
11,0.00011,(1.1184777927314402+0j)
12,0.00012000000000000002,(1.2036024357161357+0j)
13,0.00013000000000000002,(1.2818784198933943+0j)
14,0.00014000000000000001,(1.3525274862579577+0j)
15,0.00015000000000000001,(1.4149149546696391+0j)
16,0.00016,(1.4685519076693676+0j)
17,0.00017,(1.5130952250026009+0j)
18,0.00018,(1.5483455690944963+0j)
19,0.00019,(1.5742434457979504+0j)
20,0.0002,(1.5908634859380928+0j)
21,0.00021,(1.5984071113420433+0j)
22,0.00022,(1.5971937640579403+0j)
23,0.00023,(1.5876508892692+0j)
24,0.00024000000000000003,(1.570302870983538+0j)
25,0.00025,(1.5457591249523557+0j)
26,0.00026000000000000003,(1.5147015555290628+0j)
27,0.00027,(1.4778715824194506+0j)
28,0.00028000000000000003,(1.4360569396650058+0j)
29,0.00029,(1.3900784429156305+0j)
30,0.00030000000000000003,(1.340776912305123+0j)
31,0.00031,(1.2890004272789783+0j)
32,0.00032,(1.235592076797623+0j)
33,0.00033000000000000005,(1.181378353722617+0j)
34,0.00034,(1.127158326173058+0j)
35,0.00035000000000000005,(1.0736937015051724+0j)
36,0.00036,(1.0216998806127884+0j)
37,0.00037000000000000005,(0.971838081760545+0j)
38,0.00038,(0.9247085944299223+0j)
39,0.00039000000000000005,(0.8808452049549056+0j)
40,0.0004,(0.8407108173107505+0j)
41,0.00041000000000000005,(0.8046942745408114+0j)
42,0.00042,(0.773108369188783+0j)
43,0.00043000000000000004,(0.7461890149516737+0j)
44,0.00044,(0.7240955367639715+0j)
45,0.00045000000000000004,(0.7069120228227161+0j)
46,0.00046,(0.6946496697978395+0j)
47,0.00047000000000000004,(0.6872500417471487+0j)
48,0.00048000000000000007,(0.6845891541491367+0j)
49,0.0004900000000000001,(0.6864822870313887+0j)
50,0.0005,(0.6926894254338735+0j)
51,0.00051,(0.7029212214058795+0j)
52,0.0005200000000000001,(0.7168453693699575+0j)
53,0.0005300000000000001,(0.7340932859506881+0j)
54,0.00054,(0.7542669861943136+0j)
55,0.00055,(0.7769460504123893+0j)
56,0.0005600000000000001,(0.8016945795668472+0j)
57,0.0005700000000000001,(0.8280680420590274+0j)
58,0.00058,(0.8556199208626867+0j)
59,0.00059,(0.8839080770124232+0j)
60,0.0006000000000000001,(0.9125007533783799+0j)
61,0.0006100000000000001,(0.9409821512746437+0j)
62,0.00062,(0.968957521608684+0j)
63,0.00063,(0.9960577218284471+0j)
64,0.00064,(1.0219431997099222+0j)
65,0.0006500000000000001,(1.0463073749026761+0j)
66,0.0006600000000000001,(1.0688793989711067+0j)
67,0.00067,(1.0894262842997091+0j)
68,0.00068,(1.1077544015450853+0j)
69,0.0006900000000000001,(1.123710354199806+0j)
70,0.0007000000000000001,(1.1371812471790252+0j)
71,0.00071,(1.1480943740579534+0j)
72,0.00072,(1.1564163545979376+0j)
73,0.0007300000000000001,(1.162151760435765+0j)
74,0.0007400000000000001,(1.1653412722234906+0j)
75,0.00075,(1.166059416057209+0j)
76,0.00076,(1.164411930699243+0j)
77,0.0007700000000000001,(1.1605328198691591+0j)
78,0.0007800000000000001,(1.1545811457579243+0j)
79,0.00079,(1.146737620921778+0j)
80,0.0008,(1.137201055865034+0j)
81,0.0008100000000000001,(1.126184718961725+0j)
82,0.0008200000000000001,(1.1139126639420571+0j)
83,0.0008300000000000001,(1.1006160780369036+0j)
84,0.00084,(1.0865297010951789+0j)
85,0.0008500000000000001,(1.0718883626342017+0j)
86,0.0008600000000000001,(1.0569236799261819+0j)
87,0.0008700000000000001,(1.041860955942448+0j)
88,0.00088,(1.0269163113510147+0j)
89,0.0008900000000000001,(1.0122940798736524+0j)
90,0.0009000000000000001,(0.998184491236807+0j)
91,0.0009100000000000001,(0.9847616607762496+0j)
92,0.00092,(0.972181899555744+0j)
93,0.00093,(0.9605823537094575+0j)
94,0.0009400000000000001,(0.9500799766863647+0j)
95,0.0009500000000000001,(0.9407708332275541+0j)
96,0.0009600000000000001,(0.932729729303625+0j)
97,0.00097,(0.9260101579324487+0j)
98,0.0009800000000000002,(0.9206445468340566+0j)
99,0.00099,(0.9166447902988769+0j)
100,0.001,(0.9140030444802876+0j)
101,0.00101,(0.9126927625974952+0j)
102,0.00102,(0.9126699442676934+0j)
103,0.00103,(0.913874571387701+0j)
104,0.0010400000000000001,(0.9162322016581259+0j)
105,0.0010500000000000002,(0.9196556899840846+0j)
106,0.0010600000000000002,(0.9240470075857563+0j)
107,0.00107,(0.92929912869371+0j)
108,0.00108,(0.9352979551667+0j)
109,0.00109,(0.9419242502272354+0j)
110,0.0011,(0.9490555537321606+0j)
111,0.00111,(0.9565680529474834+0j)
112,0.0011200000000000001,(0.9643383846415055+0j)
113,0.0011300000000000001,(0.9722453464083114+0j)
114,0.0011400000000000002,(0.9801714974435288+0j)
115,0.0011500000000000002,(0.988004631473618+0j)
116,0.00116,(0.9956391071460214+0j)
117,0.00117,(1.0029770238777775+0j)
118,0.00118,(1.0099292338929262+0j)
119,0.00119,(1.0164161839138812+0j)
120,0.0012000000000000001,(1.0223685826703655+0j)
121,0.0012100000000000001,(1.0277278930153542+0j)
122,0.0012200000000000002,(1.0324466499572464+0j)
123,0.0012300000000000002,(1.036488608300786+0j)
124,0.00124,(1.0398287258090024+0j)
125,0.00125,(1.042452989831135+0j)
126,0.00126,(1.0443580971673645+0j)
127,0.00127,(1.0455509985442404+0j)
128,0.00128,(1.0460483204429283+0j)
129,0.0012900000000000001,(1.0458756781475442+0j)
130,0.0013000000000000002,(1.045066894758547+0j)
131,0.0013100000000000002,(1.0436631415456452+0j)
132,0.0013200000000000002,(1.041712015398757+0j)
133,0.00133,(1.0392665692803646+0j)
134,0.00134,(1.0363843114972626+0j)
135,0.00135,(1.0331261893062433+0j)
136,0.00136,(1.0295555718611609+0j)
137,0.0013700000000000001,(1.0257372468147097+0j)
138,0.0013800000000000002,(1.0217364440256984+0j)
139,0.0013900000000000002,(1.0176178988115658+0j)
140,0.0014000000000000002,(1.0134449660475484+0j)
141,0.00141,(1.0092787951702156+0j)
142,0.00142,(1.0051775748164424+0j)
143,0.00143,(1.0011958544418054+0j)
144,0.00144,(0.9973839488371798+0j)
145,0.0014500000000000001,(0.9937874300207916+0j)
146,0.0014600000000000001,(0.9904467095461199+0j)
147,0.0014700000000000002,(0.9873967128538614+0j)
148,0.0014800000000000002,(0.984666645927268+0j)
149,0.0014900000000000002,(0.9822798532018121+0j)
150,0.0015,(0.9802537644478071+0j)
151,0.00151,(0.9785999272020854+0j)
152,0.00152,(0.9773241202839376+0j)
153,0.0015300000000000001,(0.9764265430010917+0j)
154,0.0015400000000000001,(0.9759020738414128+0j)
155,0.0015500000000000002,(0.975740591760978+0j)
156,0.0015600000000000002,(0.9759273526230255+0j)
157,0.0015700000000000002,(0.976443412916732+0j)
158,0.00158,(0.9772660925897089+0j)
159,0.00159,(0.9783694686615488+0j)
160,0.0016,(0.9797248912440143+0j)
161,0.00161,(0.9813015136712837+0j)
162,0.0016200000000000001,(0.9830668286343502+0j)
163,0.0016300000000000002,(0.9849872025092441+0j)
164,0.0016400000000000002,(0.9870284004601575+0j)
165,0.0016500000000000002,(0.9891560953757927+0j)
166,0.0016600000000000002,(0.9913363542496161+0j)
167,0.00167,(0.9935360962308964+0j)
168,0.00168,(0.9957235172418043+0j)
169,0.00169,(0.9978684767645895+0j)
170,0.0017000000000000001,(0.9999428431401354+0j)
171,0.0017100000000000001,(1.0019207944732735+0j)
172,0.0017200000000000002,(1.0037790729997886+0j)
173,0.0017300000000000002,(1.0054971915241124+0j)
174,0.0017400000000000002,(1.0070575912749669+0j)
175,0.00175,(1.0084457512390466+0j)
176,0.00176,(1.0096502497114088+0j)
177,0.00177,(1.0106627794376386+0j)
178,0.0017800000000000001,(1.0114781183101271+0j)
179,0.0017900000000000001,(1.012094058112987+0j)
180,0.0018000000000000002,(1.012511294282337+0j)
181,0.0018100000000000002,(1.0127332800571214+0j)
182,0.0018200000000000002,(1.012766048737495+0j)
183,0.0018300000000000002,(1.0126180080414893+0j)
184,0.00184,(1.012299710755446+0j)
185,0.00185,(1.0118236060100025+0j)
186,0.00186,(1.0112037755824654+0j)
187,0.0018700000000000001,(1.0104556596304342+0j)
188,0.0018800000000000002,(1.009595776203515+0j)
189,0.0018900000000000002,(1.0086414387636224+0j)
190,0.0019000000000000002,(1.0076104757740563+0j)
191,0.0019100000000000002,(1.0065209561982134+0j)
192,0.0019200000000000003,(1.005390924485792+0j)
193,0.00193,(1.0042381483234342+0j)
194,0.00194,(1.003079882093925+0j)
195,0.0019500000000000001,(1.00193264862949+0j)
196,0.0019600000000000004,(1.0008120414666517+0j)
197,0.00197,(0.999732549418757+0j)
198,0.00198,(0.998707404883749+0j)
199,0.00199,(0.9977484569050258+0j)
200,0.002,(0.9968660696079028+0j)
201,0.00201,(0.9960690462486796+0j)
202,0.00202,(0.9953645787425254+0j)
203,0.00203,(0.9947582221848639+0j)
204,0.00204,(0.9942538935527077+0j)
205,0.00205,(0.9938538934709527+0j)
206,0.00206,(0.9935589496570035+0j)
207,0.0020700000000000002,(0.9933682804176549+0j)
208,0.0020800000000000003,(0.9932796763667688+0j)
209,0.0020900000000000003,(0.9932895983622468+0j)
210,0.0021000000000000003,(0.9933932895268314+0j)
211,0.0021100000000000003,(0.9935848991195719+0j)
212,0.0021200000000000004,(0.9938576159630338+0j)
213,0.0021300000000000004,(0.9942038091046885+0j)
214,0.00214,(0.9946151733981407+0j)
215,0.00215,(0.9950828777292181+0j)
216,0.00216,(0.9955977136814337+0j)
217,0.00217,(0.996150242532515+0j)
218,0.00218,(0.9967309385959496+0j)
219,0.00219,(0.9973303270658916+0j)
220,0.0022,(0.9979391146872845+0j)
221,0.00221,(0.9985483117524505+0j)
222,0.00222,(0.999149344117447+0j)
223,0.00223,(0.9997341541328778+0j)
224,0.0022400000000000002,(1.0002952895913266+0j)
225,0.0022500000000000003,(1.000825980003939+0j)
226,0.0022600000000000003,(1.001320199728835+0j)
227,0.0022700000000000003,(1.0017727176810467+0j)
228,0.0022800000000000003,(1.0021791335547743+0j)
229,0.0022900000000000004,(1.0025359006814107+0j)
230,0.0023000000000000004,(1.0028403358286695+0j)
231,0.00231,(1.0030906164152273+0j)
232,0.00232,(1.0032857657697833+0j)
233,0.00233,(1.0034256272018562+0j)
234,0.00234,(1.0035108277727929+0j)
235,0.00235,(1.0035427327584656+0j)
236,0.00236,(1.0035233918793822+0j)
237,0.00237,(1.0034554784391319+0j)
238,0.00238,(1.0033422225582032+0j)
239,0.00239,(1.0031873397175+0j)
240,0.0024000000000000002,(1.0029949558348359+0j)
241,0.0024100000000000002,(1.0027695300890431+0j)
242,0.0024200000000000003,(1.0025157766810397+0j)
243,0.0024300000000000003,(1.0022385866803813+0j)
244,0.0024400000000000003,(1.0019429510508067+0j)
245,0.0024500000000000004,(1.0016338858804654+0j)
246,0.0024600000000000004,(1.001316360763504+0j)
247,0.0024700000000000004,(1.0009952311910488+0j)
248,0.00248,(1.0006751757131158+0j)
249,0.00249,(1.0003606385302901+0j)
250,0.0025,(1.0000557780668833+0j)
251,0.00251,(0.9997644219674291+0j)
252,0.00252,(0.9994900288474643+0j)
253,0.00253,(0.999235657019179+0j)
254,0.00254,(0.9990039403042384+0j)
255,0.00255,(0.9987970709412864+0j)
256,0.00256,(0.9986167894956601+0j)
257,0.0025700000000000002,(0.9984643815848473+0j)
258,0.0025800000000000003,(0.9983406811462413+0j)
259,0.0025900000000000003,(0.9982460798946938+0j)
260,0.0026000000000000003,(0.9981805425469578+0j)
261,0.0026100000000000003,(0.9981436273289545+0j)
262,0.0026200000000000004,(0.9981345112302928+0j)
263,0.0026300000000000004,(0.9981520194289074+0j)
264,0.0026400000000000004,(0.9981946582771664+0j)
265,0.00265,(0.998260651219313+0j)
266,0.00266,(0.9983479769984722+0j)
267,0.00267,(0.9984544095093771+0j)
268,0.00268,(0.9985775586600356+0j)
269,0.00269,(0.9987149116212303+0j)
270,0.0027,(0.9988638738664104+0j)
271,0.00271,(0.9990218094354752+0j)
272,0.00272,(0.9991860798933966+0j)
273,0.0027300000000000002,(0.9993540814977552+0j)
274,0.0027400000000000002,(0.9995232801371859+0j)
275,0.0027500000000000003,(0.9996912436545621+0j)
276,0.0027600000000000003,(0.9998556712235708+0j)
277,0.0027700000000000003,(1.0000144195042404+0j)
278,0.0027800000000000004,(1.000165525361078+0j)
279,0.0027900000000000004,(1.0003072249858795+0j)
280,0.0028000000000000004,(1.0004379693251766+0j)
281,0.0028100000000000004,(1.000556435768853+0j)
282,0.00282,(1.0006615361110178+0j)
283,0.00283,(1.0007524208460428+0j)
284,0.00284,(1.000828479911194+0j)
285,0.00285,(1.0008893400319607+0j)
286,0.00286,(1.0009348588665832+0j)
287,0.00287,(1.000965116182014+0j)
288,0.00288,(1.0009804023243567+0j)
289,0.00289,(1.0009812042724882+0j)
290,0.0029000000000000002,(1.00096818958398+0j)
291,0.0029100000000000003,(1.0009421885575478+0j)
292,0.0029200000000000003,(1.0009041749461045+0j)
293,0.0029300000000000003,(1.000855245559192+0j)
294,0.0029400000000000003,(1.0007965990932866+0j)
295,0.0029500000000000004,(1.0007295145234478+0j)
296,0.0029600000000000004,(1.0006553293803184+0j)
297,0.0029700000000000004,(1.0005754182229012+0j)
298,0.0029800000000000004,(1.000491171600247+0j)
299,0.00299,(1.0004039757745808+0j)
300,0.003,(1.0003151934549273+0j)
301,0.00301,(1.0002261457644355+0j)
302,0.00302,(1.0001380956368195+0j)
303,0.00303,(1.000052232808096+0j)
304,0.00304,(0.9999696605396207+0j)
305,0.00305,(0.9998913841777269+0j)
306,0.0030600000000000002,(0.999818301624554+0j)
307,0.0030700000000000002,(0.9997511957643077+0j)
308,0.0030800000000000003,(0.9996907288596729+0j)
309,0.0030900000000000003,(0.9996374389047316+0j)
310,0.0031000000000000003,(0.9995917378939102+0j)
311,0.0031100000000000004,(0.9995539119414686+0j)
312,0.0031200000000000004,(0.9995241231631238+0j)
313,0.0031300000000000004,(0.9995024132108009+0j)
314,0.0031400000000000004,(0.9994887083333969+0j)
315,0.0031500000000000005,(0.9994828258209703+0j)
316,0.00316,(0.9994844816770251+0j)
317,0.00317,(0.999493299353591+0j)
318,0.00318,(0.9995088193766244+0j)
319,0.00319,(0.9995305096848327+0j)
320,0.0032,(0.9995577765033021+0j)
321,0.00321,(0.9995899755741623+0j)
322,0.00322,(0.999626423569845+0j)
323,0.0032300000000000002,(0.999666409520103+0j)
324,0.0032400000000000003,(0.999709206091673+0j)
325,0.0032500000000000003,(0.99975408056909+0j)
326,0.0032600000000000003,(0.9998003053964547+0j)
327,0.0032700000000000003,(0.9998471681526918+0j)
328,0.0032800000000000004,(0.9998939808467686+0j)
329,0.0032900000000000004,(0.9999400884342093+0j)
330,0.0033000000000000004,(0.999984876471805+0j)
331,0.0033100000000000004,(1.0000277778434126+0j)
332,0.0033200000000000005,(1.000068278505927+0j)
333,0.00333,(1.0001059222206563+0j)
334,0.00334,(1.0001403142512082+0j)
335,0.00335,(1.0001711240243936+0j)
336,0.00336,(1.0001980867653801+0j)
337,0.00337,(1.000221004132205+0j)
338,0.00338,(1.000239743887635+0j)
339,0.0033900000000000002,(1.0002542386580948+0j)
340,0.0034000000000000002,(1.000264483839881+0j)
341,0.0034100000000000003,(1.0002705347220255+0j)
342,0.0034200000000000003,(1.0002725029029258+0j)
343,0.0034300000000000003,(1.0002705520841613+0j)
344,0.0034400000000000003,(1.0002648933297544+0j)
345,0.0034500000000000004,(1.0002557798824991+0j)
346,0.0034600000000000004,(1.0002435016309128+0j)
347,0.0034700000000000004,(1.000228379320886+0j)
348,0.0034800000000000005,(1.0002107586052784+0j)
349,0.0034900000000000005,(1.0001910040226214+0j)
350,0.0035,(1.0001694929928018+0j)
351,0.00351,(1.0001466099132552+0j)
352,0.00352,(1.0001227404338602+0j)
353,0.00353,(1.00009826598256+0j)
354,0.00354,(1.0000735586068354+0j)
355,0.00355,(1.0000489761886688+0j)
356,0.0035600000000000002,(1.0000248580826903+0j)
357,0.0035700000000000003,(1.0000015212189273+0j)
358,0.0035800000000000003,(0.9999792567031116+0j)
359,0.0035900000000000003,(0.9999583269389692+0j)
360,0.0036000000000000003,(0.9999389632884383+0j)
361,0.0036100000000000004,(0.9999213642774645+0j)
362,0.0036200000000000004,(0.9999056943469993+0j)
363,0.0036300000000000004,(0.9998920831411908+0j)
364,0.0036400000000000004,(0.9998806253175848+0j)
365,0.0036500000000000005,(0.9998713808575382+0j)
366,0.0036600000000000005,(0.999864375849043+0j)
367,0.00367,(0.9998596037088257+0j)
368,0.00368,(0.9998570268059748+0j)
369,0.00369,(0.9998565784454774+0j)
370,0.0037,(0.9998581651669411+0j)
371,0.00371,(0.9998616693114507+0j)
372,0.00372,(0.9998669518079454+0j)
373,0.0037300000000000002,(0.9998738551296998+0j)
374,0.0037400000000000003,(0.9998822063714196+0j)
375,0.0037500000000000003,(0.9998918203980852+0j)
376,0.0037600000000000003,(0.9999025030179647+0j)
377,0.0037700000000000003,(0.9999140541341013+0j)
378,0.0037800000000000004,(0.9999262708310319+0j)
379,0.0037900000000000004,(0.9999389503564204+0j)
380,0.0038000000000000004,(0.9999518929606651+0j)
381,0.0038100000000000005,(0.9999649045612545+0j)
382,0.0038200000000000005,(0.999977799202674+0j)
383,0.0038300000000000005,(0.9999904012868975+0j)
384,0.0038400000000000005,(1.000002547553894+0j)
385,0.00385,(1.000014088796054+0j)
386,0.00386,(1.0000248912949277+0j)
387,0.00387,(1.0000348379731145+0j)
388,0.00388,(1.0000438292584801+0j)
389,0.0038900000000000002,(1.00005178366204+0j)
390,0.0039000000000000003,(1.0000586380748224+0j)
391,0.00391,(1.0000643477927051+0j)
392,0.003920000000000001,(1.0000688862816305+0j)
393,0.00393,(1.0000722446986605+0j)
394,0.00394,(1.000074431187043+0j)
395,0.00395,(1.0000754699657775+0j)
396,0.00396,(1.000075400236098+0j)
397,0.0039700000000000004,(1.00007427492881+0j)
398,0.00398,(1.0000721593175295+0j)
399,0.0039900000000000005,(1.0000691295235848+0j)
400,0.004,(1.0000652709386546+0j)
401,0.0040100000000000005,(1.0000606765911444+0j)
402,0.00402,(1.000055445481886+0j)
403,0.004030000000000001,(1.0000496809139623+0j)
404,0.00404,(1.0000434888403926+0j)
405,0.004050000000000001,(1.0000369762520416+0j)
406,0.00406,(1.0000302496265066+0j)
407,0.004070000000000001,(1.0000234134569073+0j)
408,0.00408,(1.0000165688774942+0j)
409,0.004090000000000001,(1.0000098124008376+0j)
410,0.0041,(1.0000032347791021+0j)
411,0.00411,(0.999996919999582+0j)
412,0.00412,(0.9999909444223115+0j)
413,0.00413,(0.9999853760652024+0j)
414,0.0041400000000000005,(0.999980274039831+0j)
415,0.00415,(0.9999756881387412+0j)
416,0.0041600000000000005,(0.9999716585729549+0j)
417,0.00417,(0.9999682158563389+0j)
418,0.0041800000000000006,(0.9999653808315673+0j)
419,0.00419,(0.9999631648306797+0j)
420,0.004200000000000001,(0.9999615699616732+0j)
421,0.00421,(0.9999605895111955+0j)
422,0.004220000000000001,(0.9999602084522438+0j)
423,0.00423,(0.9999604040448183+0j)
424,0.004240000000000001,(0.9999611465167394+0j)
425,0.00425,(0.9999623998113091+0j)
426,0.004260000000000001,(0.999964122388188+0j)
427,0.00427,(0.9999662680637428+0j)
428,0.00428,(0.9999687868772176+0j)
429,0.00429,(0.9999716259693514+0j)
430,0.0043,(0.9999747304605234+0j)
431,0.0043100000000000005,(0.9999780443161139+0j)
432,0.00432,(0.9999815111875286+0j)
433,0.0043300000000000005,(0.9999850752182176+0j)
434,0.00434,(0.9999886818050076+0j)
435,0.004350000000000001,(0.9999922783061542+0j)
436,0.00436,(0.9999958146886653+0j)
437,0.004370000000000001,(0.9999992441086508+0j)
438,0.00438,(1.0000025234196919+0j)
439,0.004390000000000001,(1.000005613605459+0j)
440,0.0044,(1.0000084801340559+0j)
441,0.004410000000000001,(1.0000110932327841+0j)
442,0.00442,(1.0000134280831943+0j)
443,0.004430000000000001,(1.000015464937425+0j)
444,0.00444,(1.0000171891578833+0j)
445,0.00445,(1.000018591183301+0j)
446,0.00446,(1.0000196664250953+0j)
447,0.00447,(1.0000204150987555+0j)
448,0.0044800000000000005,(1.0000208419956689+0j)
449,0.00449,(1.000020956201379+0j)
450,0.0045000000000000005,(1.0000207707667477+0j)
451,0.00451,(1.0000203023388414+0j)
452,0.004520000000000001,(1.000019570758617+0j)
453,0.00453,(1.0000185986326084+0j)
454,0.004540000000000001,(1.0000174108858522+0j)
455,0.00455,(1.0000160343032047+0j)
456,0.004560000000000001,(1.00001449706604+0j)
457,0.00457,(1.00001282829105+0j)
458,0.004580000000000001,(1.0000110575775227+0j)
459,0.00459,(1.0000092145690627+0j)
460,0.004600000000000001,(1.0000073285352291+0j)
461,0.00461,(1.0000054279780328+0j)
462,0.00462,(1.0000035402676548+0j)
463,0.0046300000000000004,(1.000001691311132+0j)
464,0.00464,(0.9999999052571157+0j)
465,0.0046500000000000005,(0.9999982042391615+0j)
466,0.00466,(0.999996608159348+0j)
467,0.0046700000000000005,(0.9999951345133716+0j)
468,0.00468,(0.999993798257634+0j)
469,0.004690000000000001,(0.9999926117182152+0j)
470,0.0047,(0.9999915845410523+0j)
471,0.004710000000000001,(0.9999907236820896+0j)
472,0.00472,(0.9999900334356661+0j)
473,0.004730000000000001,(0.9999895154989491+0j)
474,0.00474,(0.9999891690698212+0j)
475,0.004750000000000001,(0.9999889909752754+0j)
476,0.00476,(0.9999889758270895+0j)
477,0.004770000000000001,(0.9999891162013104+0j)
478,0.00478,(0.9999894028379167+0j)
479,0.00479,(0.9999898248569062+0j)
480,0.0048000000000000004,(0.9999903699870064+0j)
481,0.00481,(0.9999910248032033+0j)
482,0.0048200000000000005,(0.9999917749693404+0j)
483,0.00483,(0.9999926054821437+0j)
484,0.0048400000000000006,(0.9999935009131773+0j)
485,0.00485,(0.9999944456454306+0j)
486,0.004860000000000001,(0.9999954241014666+0j)
487,0.00487,(0.9999964209603203+0j)
488,0.004880000000000001,(0.9999974213606317+0j)
489,0.00489,(0.999998411087804+0j)
490,0.004900000000000001,(0.9999993767433069+0j)
491,0.00491,(1.0000003058945877+0j)
492,0.004920000000000001,(1.0000011872043888+0j)
493,0.00493,(1.000002010538625+0j)
494,0.004940000000000001,(1.000002767052308+0j)
495,0.00495,(1.0000034492533418+0j)
496,0.00496,(1.0000040510443295+0j)
497,0.0049700000000000005,(1.000004567742834+0j)
498,0.00498,(1.0000049960808202+0j)
499,0.0049900000000000005,(1.00000533418426+0j)
500,0.005,(1.0000055815341184+0j)
501,0.0050100000000000006,(1.0000057389101378+0j)
502,0.00502,(1.0000058083190193+0j)
503,0.005030000000000001,(1.0000057929087411+0j)
504,0.00504,(1.0000056968708622+0j)
505,0.005050000000000001,(1.0000055253327529+0j)
506,0.00506,(1.000005284241733+0j)
507,0.005070000000000001,(1.0000049802431257+0j)
508,0.00508,(1.0000046205542235+0j)
509,0.005090000000000001,(1.0000042128361313+0j)
510,0.0051,(1.000003765065381+0j)
511,0.005110000000000001,(1.000003285407134+0j)
512,0.00512,(1.0000027820916775+0j)
513,0.00513,(1.0000022632957948+0j)
514,0.0051400000000000005,(1.0000017370304457+0j)
515,0.00515,(1.0000012110360406+0j)
516,0.0051600000000000005,(1.000000692686421+0j)
517,0.00517,(1.0000001889024897+0j)
518,0.005180000000000001,(0.9999997060762451+0j)
519,0.00519,(0.9999992500058097+0j)
520,0.005200000000000001,(0.9999988258418374+0j)
521,0.00521,(0.9999984380455282+0j)
522,0.005220000000000001,(0.9999980903582913+0j)
523,0.00523,(0.9999977857829385+0j)
524,0.005240000000000001,(0.9999975265761308+0j)
525,0.00525,(0.999997314251658+0j)
526,0.005260000000000001,(0.9999971495939953+0j)
527,0.00527,(0.9999970326814673+0j)
528,0.005280000000000001,(0.9999969629182432+0j)
529,0.00529,(0.9999969390742989+0j)
530,0.0053,(0.9999969593324118+0j)
531,0.0053100000000000005,(0.999997021341201+0j)
532,0.00532,(0.999997122273181+0j)
533,0.0053300000000000005,(0.9999972588867814+0j)
534,0.00534,(0.9999974275912746+0j)
535,0.005350000000000001,(0.999997624513565+0j)
536,0.00536,(0.9999978455658112+0j)
537,0.005370000000000001,(0.9999980865128968+0j)
538,0.00538,(0.9999983430388057+0j)
539,0.005390000000000001,(0.9999986108110244+0j)
540,0.0054,(0.9999988855421549+0j)
541,0.005410000000000001,(0.9999991630480103+0j)
542,0.00542,(0.9999994393015345+0j)
543,0.005430000000000001,(0.9999997104819913+0j)
544,0.00544,(0.9999999730189486+0j)
545,0.005450000000000001,(1.000000223630688+0j)
546,0.0054600000000000004,(1.0000004593567582+0j)
547,0.00547,(1.000000677584493+0j)
548,0.0054800000000000005,(1.0000008760694008+0j)
549,0.00549,(1.0000010529494292+0j)
550,0.0055000000000000005,(1.000001206753191+0j)
551,0.00551,(1.0000013364023168+0j)
552,0.005520000000000001,(1.0000014412081804+0j)
553,0.00553,(1.0000015208633024+0j)
554,0.005540000000000001,(1.000001575427806+0j)
555,0.00555,(1.000001605311344+0j)
556,0.005560000000000001,(1.0000016112509655+0j)
557,0.00557,(1.0000015942854206+0j)
558,0.005580000000000001,(1.0000015557264352+0j)
559,0.00559,(1.000001497127496+0j)
560,0.005600000000000001,(1.0000014202507044+0j)
561,0.00561,(1.0000013270322552+0j)
562,0.005620000000000001,(1.0000012195470867+0j)
563,0.0056300000000000005,(1.00000109997324+0j)
564,0.00564,(1.0000009705564419+0j)
565,0.0056500000000000005,(1.0000008335753943+0j)
566,0.00566,(1.0000006913082293+0j)
567,0.0056700000000000006,(1.0000005460005459+0j)
568,0.00568,(1.000000399835397+0j)
569,0.005690000000000001,(1.0000002549055664+0j)
570,0.0057,(1.000000113188409+0j)
571,0.005710000000000001,(0.9999999765234932+0j)
572,0.00572,(0.999999846593225+0j)
573,0.005730000000000001,(0.999999724906588+0j)
574,0.00574,(0.9999996127860796+0j)
575,0.005750000000000001,(0.9999995113578805+0j)
576,0.00576,(0.9999994215452384+0j)
577,0.005770000000000001,(0.9999993440650154+0j)
578,0.00578,(0.9999992794272926+0j)
579,0.005790000000000001,(0.9999992279378982+0j)
580,0.0058000000000000005,(0.9999991897036854+0j)
581,0.00581,(0.9999991646403571+0j)
582,0.0058200000000000005,(0.9999991524826083+0j)
583,0.00583,(0.9999991527963344+0j)
584,0.005840000000000001,(0.9999991649926392+0j)
585,0.00585,(0.9999991883433583+0j)
586,0.005860000000000001,(0.9999992219978125+0j)
587,0.00587,(0.9999992650004953+0j)
588,0.005880000000000001,(0.9999993163094039+0j)
589,0.00589,(0.9999993748147257+0j)
590,0.005900000000000001,(0.9999994393576019+0j)
591,0.00591,(0.9999995087486996+0j)
592,0.005920000000000001,(0.9999995817863417+0j)
593,0.00593,(0.999999657273961+0j)
594,0.005940000000000001,(0.9999997340366634+0j)
595,0.00595,(0.999999810936712+0j)
596,0.005960000000000001,(0.9999998868877624+0j)
597,0.0059700000000000005,(0.9999999608677099+0j)
598,0.00598,(1.0000000319300324+0j)
599,0.0059900000000000005,(1.0000000992135394+0j)
600,0.006,(1.0000001619504673+0j)
601,0.006010000000000001,(1.0000002194728825+0j)
602,0.00602,(1.000000271217382+0j)
603,0.006030000000000001,(1.000000316728107+0j)
604,0.00604,(1.0000003556581036+0j)
605,0.006050000000000001,(1.0000003877690917+0j)
606,0.00606,(1.0000004129297178+0j)
607,0.006070000000000001,(1.0000004311123882+0j)
608,0.00608,(1.000000442388794+0j)
609,0.006090000000000001,(1.0000004469242512+0j)
610,0.0061,(1.0000004449709912+0j)
611,0.006110000000000001,(1.000000436860545+0j)
612,0.0061200000000000004,(1.0000004229953718+0j)
613,0.006130000000000001,(1.0000004038398824+0j)
614,0.0061400000000000005,(1.0000003799110144+0j)
615,0.00615,(1.0000003517685112+0j)
616,0.0061600000000000005,(1.0000003200050551+0j)
617,0.00617,(1.0000002852364007+0j)
618,0.006180000000000001,(1.0000002480916463+0j)
619,0.00619,(1.000000209203775+0j)
620,0.006200000000000001,(1.0000001692005818+0j)
621,0.00621,(1.000000128696103+0j)
622,0.006220000000000001,(1.0000000882826363+0j)
623,0.00623,(1.0000000485234426+0j)
624,0.006240000000000001,(1.000000009946197+0j)
625,0.00625,(0.9999999730372463+0j)
626,0.006260000000000001,(0.9999999382367164+0j)
627,0.00627,(0.9999999059344973+0j)
628,0.006280000000000001,(0.9999998764671229+0j)
629,0.0062900000000000005,(0.9999998501155449+0j)
630,0.006300000000000001,(0.9999998271037932+0j)
631,0.0063100000000000005,(0.9999998075984966+0j)
632,0.00632,(0.9999997917092339+0j)
633,0.0063300000000000006,(0.9999997794896682+0j)
634,0.00634,(0.9999997709394141+0j)
635,0.006350000000000001,(0.9999997660065759+0j)
636,0.00636,(0.999999764590891+0j)
637,0.006370000000000001,(0.9999997665474042+0j)
638,0.00638,(0.9999997716905981+0j)
639,0.006390000000000001,(0.999999779798899+0j)
640,0.0064,(0.9999997906194787+0j)
641,0.006410000000000001,(0.9999998038732698+0j)
642,0.00642,(0.9999998192601136+0j)
643,0.006430000000000001,(0.9999998364639647+0j)
644,0.00644,(0.9999998551580732+0j)
645,0.006450000000000001,(0.9999998750100749+0j)
646,0.0064600000000000005,(0.999999895686922+0j)
647,0.006470000000000001,(0.9999999168595923+0j)
648,0.0064800000000000005,(0.9999999382075205+0j)
649,0.00649,(0.999999959422704+0j)
650,0.006500000000000001,(0.9999999802134392+0j)
651,0.00651,(1.0000000003076541+0j)
652,0.006520000000000001,(1.0000000194558087+0j)
653,0.00653,(1.000000037433344+0j)
654,0.006540000000000001,(1.000000054042664+0j)
655,0.00655,(1.0000000691146465+0j)
656,0.006560000000000001,(1.0000000825096855+0j)
657,0.00657,(1.000000094118266+0j)
658,0.006580000000000001,(1.0000001038610935+0j)
659,0.00659,(1.0000001116887902+0j)
660,0.006600000000000001,(1.0000001175811866+0j)
661,0.00661,(1.000000121546236+0j)
662,0.006620000000000001,(1.0000001236185847+0j)
663,0.0066300000000000005,(1.0000001238578344+0j)
664,0.006640000000000001,(1.0000001223465356+0j)
665,0.0066500000000000005,(1.0000001191879533+0j)
666,0.00666,(1.000000114503645+0j)
667,0.006670000000000001,(1.000000108430898+0j)
668,0.00668,(1.0000001011200623+0j)
669,0.006690000000000001,(1.0000000927318287+0j)
670,0.0067,(1.0000000834344869+0j)
671,0.006710000000000001,(1.0000000734012056+0j)
672,0.00672,(1.0000000628073729+0j)
673,0.006730000000000001,(1.000000051828029+0j)
674,0.00674,(1.0000000406354244+0j)
675,0.006750000000000001,(1.0000000293967315+0j)
676,0.00676,(1.0000000182719353+0j)
677,0.006770000000000001,(1.0000000074119233+0j)
678,0.0067800000000000004,(0.9999999969567934+0j)
679,0.006790000000000001,(0.9999999870343915+0j)
680,0.0068000000000000005,(0.9999999777590911+0j)
681,0.006810000000000001,(0.9999999692308179+0j)
682,0.0068200000000000005,(0.9999999615343244+0j)
683,0.00683,(0.9999999547387097+0j)
684,0.006840000000000001,(0.9999999488971842+0j)
685,0.00685,(0.9999999440470657+0j)
686,0.006860000000000001,(0.999999940210001+0j)
687,0.00687,(0.999999937392396+0j)
688,0.006880000000000001,(0.9999999355860402+0j)
689,0.00689,(0.9999999347689066+0j)
690,0.006900000000000001,(0.9999999349061093+0j)
691,0.00691,(0.9999999359509955+0j)
692,0.006920000000000001,(0.9999999378463519+0j)
693,0.00693,(0.9999999405257038+0j)
694,0.006940000000000001,(0.9999999439146824+0j)
695,0.0069500000000000004,(0.9999999479324385+0j)
696,0.006960000000000001,(0.9999999524930824+0j)
697,0.0069700000000000005,(0.9999999575071258+0j)
698,0.006980000000000001,(0.9999999628829075+0j)
699,0.0069900000000000006,(0.999999968527982+0j)
700,0.007,(0.9999999743504548+0j)
701,0.007010000000000001,(0.9999999802602471+0j)
702,0.00702,(0.999999986170275+0j)
703,0.007030000000000001,(0.9999999919975332+0j)
704,0.00704,(0.9999999976640684+0j)
705,0.007050000000000001,(1.0000000030978382+0j)
706,0.00706,(1.0000000082334448+0j)
707,0.007070000000000001,(1.0000000130127427+0j)
708,0.00708,(1.000000017385315+0j)
709,0.007090000000000001,(1.0000000213088194+0j)
710,0.0071,(1.0000000247492042+0j)
711,0.007110000000000001,(1.000000027680798+0j)
712,0.0071200000000000005,(1.000000030086278+0j)
713,0.007130000000000001,(1.0000000319565203+0j)
714,0.0071400000000000005,(1.0000000332903463+0j)
715,0.007150000000000001,(1.0000000340941644+0j)
716,0.0071600000000000006,(1.000000034381526+0j)
717,0.00717,(1.0000000341726005+0j)
718,0.007180000000000001,(1.0000000334935808+0j)
719,0.00719,(1.0000000323760336+0j)
720,0.007200000000000001,(1.000000030856205+0j)
721,0.00721,(1.0000000289742912+0j)
722,0.007220000000000001,(1.0000000267736897+0j)
723,0.00723,(1.0000000243002392+0j)
724,0.007240000000000001,(1.0000000216014615+0j)
725,0.00725,(1.000000018725816+0j)
726,0.007260000000000001,(1.0000000157219744+0j)
727,0.00727,(1.0000000126381279+0j)
728,0.007280000000000001,(1.0000000095213324+0j)
729,0.0072900000000000005,(1.000000006416901+0j)
730,0.007300000000000001,(1.0000000033678502+0j)
731,0.0073100000000000005,(1.000000000414402+0j)
732,0.007320000000000001,(0.9999999975935514+0j)
733,0.007330000000000001,(0.9999999949386972+0j)
734,0.00734,(0.9999999924793417+0j)
735,0.007350000000000001,(0.9999999902408595+0j)
736,0.00736,(0.9999999882443342+0j)
737,0.007370000000000001,(0.9999999865064633+0j)
738,0.00738,(0.9999999850395295+0j)
739,0.007390000000000001,(0.9999999838514352+0j)
740,0.0074,(0.9999999829457967+0j)
741,0.007410000000000001,(0.9999999823220943+0j)
742,0.00742,(0.9999999819758734+0j)
743,0.007430000000000001,(0.9999999818989912+0j)
744,0.00744,(0.9999999820799047+0j)
745,0.007450000000000001,(0.9999999825039915+0j)
746,0.0074600000000000005,(0.9999999831538993+0j)
747,0.007470000000000001,(0.9999999840099182+0j)
748,0.0074800000000000005,(0.9999999850503675+0j)
749,0.007490000000000001,(0.9999999862519926+0j)
750,0.007500000000000001,(0.9999999875903653+0j)
751,0.00751,(0.9999999890402821+0j)
752,0.007520000000000001,(0.9999999905761541+0j)
753,0.00753,(0.9999999921723847+0j)
754,0.007540000000000001,(0.9999999938037292+0j)
755,0.00755,(0.999999995445633+0j)
756,0.007560000000000001,(0.9999999970745439+0j)
757,0.00757,(0.9999999986681962+0j)
758,0.007580000000000001,(1.0000000002058624+0j)
759,0.00759,(1.0000000016685733+0j)
760,0.007600000000000001,(1.0000000030393006+0j)
761,0.0076100000000000004,(1.0000000043031063+0j)
762,0.007620000000000001,(1.0000000054472535+0j)
763,0.0076300000000000005,(1.0000000064612833+0j)
764,0.007640000000000001,(1.0000000073370534+0j)
765,0.0076500000000000005,(1.0000000080687452+0j)
766,0.007660000000000001,(1.000000008652836+0j)
767,0.007670000000000001,(1.000000009088041+0j)
768,0.007680000000000001,(1.0000000093752262+0j)
769,0.007690000000000001,(1.0000000095172956+0j)
770,0.0077,(1.0000000095190555+0j)
771,0.007710000000000001,(1.000000009387057+0j)
772,0.00772,(1.000000009129422+0j)
773,0.007730000000000001,(1.000000008755657+0j)
774,0.00774,(1.0000000082764535+0j)
775,0.007750000000000001,(1.0000000077034819+0j)
776,0.00776,(1.0000000070491835+0j)
777,0.007770000000000001,(1.0000000063265577+0j)
778,0.0077800000000000005,(1.0000000055489549+0j)
779,0.007790000000000001,(1.0000000047298714+0j)
780,0.0078000000000000005,(1.0000000038827537+0j)
781,0.007810000000000001,(1.0000000030208116+0j)
782,0.00782,(1.0000000021568443+0j)
783,0.00783,(1.0000000013030792+0j)
784,0.007840000000000001,(1.0000000004710279+0j)
785,0.007850000000000001,(0.9999999996713569+0j)
786,0.00786,(0.9999999989137786+0j)
787,0.00787,(0.9999999982069588+0j)
788,0.00788,(0.9999999975584448+0j)
789,0.007890000000000001,(0.999999996974611+0j)
790,0.0079,(0.9999999964606247+0j)
791,0.00791,(0.9999999960204304+0j)
792,0.00792,(0.9999999956567516+0j)
793,0.007930000000000001,(0.9999999953711092+0j)
794,0.007940000000000001,(0.9999999951638573+0j)
795,0.00795,(0.9999999950342325+0j)
796,0.00796,(0.999999994980417+0j)
797,0.007970000000000001,(0.9999999949996136+0j)
798,0.007980000000000001,(0.999999995088131+0j)
799,0.00799,(0.9999999952414772+0j)
800,0.008,(0.9999999954544607+0j)
801,0.008010000000000001,(0.9999999957212954+0j)
802,0.008020000000000001,(0.9999999960357105+0j)
803,0.00803,(0.9999999963910606+0j)
804,0.00804,(0.9999999967804372+0j)
805,0.00805,(0.9999999971967775+0j)
806,0.008060000000000001,(0.9999999976329711+0j)
807,0.00807,(0.9999999980819622+0j)
808,0.00808,(0.9999999985368457+0j)
809,0.00809,(0.9999999989909578+0j)
810,0.008100000000000001,(0.9999999994379573+0j)
811,0.008110000000000001,(0.9999999998719002+0j)
812,0.00812,(1.000000000287305+0j)
813,0.00813,(1.0000000006792067+0j)
814,0.008140000000000001,(1.000000001043203+0j)
815,0.008150000000000001,(1.0000000013754908+0j)
816,0.00816,(1.0000000016728896+0j)
817,0.00817,(1.0000000019328579+0j)
818,0.008180000000000002,(1.0000000021534994+0j)
819,0.008190000000000001,(1.0000000023335585+0j)
820,0.0082,(1.000000002472409+0j)
821,0.00821,(1.000000002570032+0j)
822,0.00822,(1.0000000026269886+0j)
823,0.008230000000000001,(1.0000000026443852+0j)
824,0.00824,(1.0000000026238314+0j)
825,0.00825,(1.0000000025673945+0j)
826,0.00826,(1.0000000024775486+0j)
827,0.008270000000000001,(1.0000000023571212+0j)
828,0.008280000000000001,(1.0000000022092366+0j)
829,0.00829,(1.0000000020372586+0j)
830,0.0083,(1.0000000018447313+0j)
831,0.008310000000000001,(1.0000000016353214+0j)
832,0.008320000000000001,(1.0000000014127612+0j)
833,0.00833,(1.000000001180792+0j)
834,0.00834,(1.0000000009431123+0j)
835,0.008350000000000002,(1.0000000007033278+0j)
836,0.008360000000000001,(1.0000000004649041+0j)
837,0.00837,(1.000000000231126+0j)
838,0.00838,(1.0000000000050584+0j)
839,0.00839,(0.9999999997895146+0j)
840,0.008400000000000001,(0.9999999995870283+0j)
841,0.00841,(0.9999999993998313+0j)
842,0.00842,(0.9999999992298356+0j)
843,0.00843,(0.9999999990786225+0j)
844,0.008440000000000001,(0.999999998947435+0j)
845,0.008450000000000001,(0.9999999988371769+0j)
846,0.00846,(0.9999999987484157+0j)
847,0.00847,(0.9999999986813904+0j)
848,0.008480000000000001,(0.9999999986360236+0j)
849,0.008490000000000001,(0.9999999986119373+0j)
850,0.0085,(0.9999999986084724+0j)
851,0.00851,(0.9999999986247111+0j)
852,0.008520000000000002,(0.999999998659502+0j)
853,0.008530000000000001,(0.9999999987114869+0j)
854,0.00854,(0.99999999877913+0j)
855,0.00855,(0.9999999988607478+0j)
856,0.00856,(0.9999999989545388+0j)
857,0.008570000000000001,(0.9999999990586157+0j)
858,0.00858,(0.9999999991710348+0j)
859,0.00859,(0.9999999992898263+0j)
860,0.0086,(0.9999999994130235+0j)
861,0.008610000000000001,(0.9999999995386898+0j)
862,0.008620000000000001,(0.9999999996649448+0j)
863,0.00863,(0.9999999997899879+0j)
864,0.00864,(0.9999999999121199+0j)
865,0.008650000000000001,(1.0000000000297622+0j)
866,0.008660000000000001,(1.000000000141473+0j)
867,0.00867,(1.0000000002459617+0j)
868,0.00868,(1.0000000003420992+0j)
869,0.008690000000000002,(1.0000000004289271+0j)
870,0.008700000000000001,(1.0000000005056624+0j)
871,0.00871,(1.0000000005717002+0j)
872,0.00872,(1.000000000626615+0j)
873,0.00873,(1.0000000006701564+0j)
874,0.008740000000000001,(1.000000000702246+0j)
875,0.00875,(1.0000000007229701+0j)
876,0.00876,(1.0000000007325704+0j)
877,0.00877,(1.0000000007314334+0j)
878,0.008780000000000001,(1.000000000720078+0j)
879,0.008790000000000001,(1.0000000006991427+0j)
880,0.0088,(1.0000000006693706+0j)
881,0.00881,(1.0000000006315937+0j)
882,0.008820000000000001,(1.0000000005867178+0j)
883,0.008830000000000001,(1.000000000535706+0j)
884,0.00884,(1.0000000004795617+0j)
885,0.00885,(1.0000000004193144+0j)
886,0.008860000000000002,(1.0000000003560021+0j)
887,0.008870000000000001,(1.0000000002906577+0j)
888,0.00888,(1.0000000002242941+0j)
889,0.00889,(1.000000000157891+0j)
890,0.0089,(1.0000000000923825+0j)
891,0.008910000000000001,(1.000000000028647+0j)
892,0.00892,(0.9999999999674962+0j)
893,0.00893,(0.9999999999096677+0j)
894,0.00894,(0.999999999855818+0j)
895,0.008950000000000001,(0.9999999998065168+0j)
896,0.008960000000000001,(0.9999999997622432+0j)
897,0.00897,(0.9999999997233834+0j)
898,0.00898,(0.9999999996902292+0j)
899,0.008990000000000001,(0.999999999662979+0j)
900,0.009000000000000001,(0.9999999996417388+0j)
901,0.00901,(0.999999999626525+0j)
902,0.00902,(0.9999999996172689+0j)
903,0.009030000000000002,(0.9999999996138214+0j)
904,0.009040000000000001,(0.9999999996159585+0j)
905,0.00905,(0.9999999996233886+0j)
906,0.00906,(0.9999999996357591+0j)
907,0.00907,(0.9999999996526651+0j)
908,0.009080000000000001,(0.9999999996736562+0j)
909,0.00909,(0.9999999996982465+0j)
910,0.0091,(0.9999999997259218+0j)
911,0.00911,(0.999999999756149+0j)
912,0.009120000000000001,(0.9999999997883838+0j)
913,0.009130000000000001,(0.9999999998220798+0j)
914,0.00914,(0.9999999998566951+0j)
915,0.00915,(0.9999999998917004+0j)
916,0.009160000000000001,(0.9999999999265862+0j)
917,0.009170000000000001,(0.9999999999608679+0j)
918,0.00918,(0.9999999999940924+0j)
919,0.00919,(1.0000000000258429+0j)
920,0.009200000000000002,(1.0000000000557423+0j)
921,0.009210000000000001,(1.0000000000834577+0j)
922,0.00922,(1.0000000001087022+0j)
923,0.00923,(1.000000000131237+0j)
924,0.00924,(1.0000000001508729+0j)
925,0.009250000000000001,(1.0000000001674696+0j)
926,0.009260000000000001,(1.0000000001809368+0j)
927,0.00927,(1.0000000001912321+0j)
928,0.00928,(1.0000000001983593+0j)
929,0.009290000000000001,(1.0000000002023668+0j)
930,0.009300000000000001,(1.000000000203345+0j)
931,0.00931,(1.0000000002014213+0j)
932,0.00932,(1.0000000001967595+0j)
933,0.009330000000000001,(1.000000000189553+0j)
934,0.009340000000000001,(1.0000000001800224+0j)
935,0.00935,(1.0000000001684104+0j)
936,0.00936,(1.0000000001549776+0j)
937,0.009370000000000002,(1.000000000139998+0j)
938,0.009380000000000001,(1.0000000001237546+0j)
939,0.00939,(1.0000000001065343+0j)
940,0.0094,(1.000000000088625+0j)
941,0.00941,(1.0000000000703106+0j)
942,0.009420000000000001,(1.0000000000518672+0j)
943,0.009430000000000001,(1.0000000000335598+0j)
944,0.00944,(1.000000000015639+0j)
945,0.00945,(0.9999999999983386+0j)
946,0.009460000000000001,(0.9999999999818723+0j)
947,0.009470000000000001,(0.9999999999664322+0j)
948,0.00948,(0.9999999999521871+0j)
949,0.00949,(0.9999999999392811+0j)
950,0.009500000000000001,(0.9999999999278327+0j)
951,0.009510000000000001,(0.9999999999179342+0j)
952,0.00952,(0.999999999909652+0j)
953,0.00953,(0.9999999999030269+0j)
954,0.009540000000000002,(0.999999999898074+0j)
955,0.009550000000000001,(0.9999999998947845+0j)
956,0.00956,(0.9999999998931267+0j)
957,0.00957,(0.9999999998930476+0j)
958,0.00958,(0.999999999894474+0j)
959,0.009590000000000001,(0.9999999998973154+0j)
960,0.009600000000000001,(0.9999999999014657+0j)
961,0.00961,(0.9999999999068052+0j)
962,0.00962,(0.9999999999132032+0j)
963,0.009630000000000001,(0.9999999999205202+0j)
964,0.009640000000000001,(0.9999999999286106+0j)
965,0.00965,(0.9999999999373241+0j)
966,0.00966,(0.9999999999465096+0j)
967,0.009670000000000002,(0.9999999999560156+0j)
968,0.009680000000000001,(0.9999999999656938+0j)
969,0.00969,(0.9999999999754002+0j)
970,0.0097,(0.9999999999849972+0j)
971,0.009710000000000002,(0.9999999999943551+0j)
972,0.009720000000000001,(1.0000000000033538+0j)
973,0.00973,(1.0000000000118834+0j)
974,0.00974,(1.0000000000198466+0j)
975,0.00975,(1.0000000000271578+0j)
976,0.009760000000000001,(1.000000000033745+0j)
977,0.009770000000000001,(1.0000000000395495+0j)
978,0.00978,(1.0000000000445266+0j)
979,0.00979,(1.0000000000486453+0j)
980,0.009800000000000001,(1.0000000000518878+0j)
981,0.009810000000000001,(1.0000000000542495+0j)
982,0.00982,(1.000000000055739+0j)
983,0.00983,(1.0000000000563758+0j)
984,0.009840000000000002,(1.000000000056191+0j)
985,0.009850000000000001,(1.0000000000552258+0j)
986,0.00986,(1.0000000000535303+0j)
987,0.00987,(1.0000000000511626+0j)
988,0.009880000000000002,(1.0000000000481872+0j)
989,0.009890000000000001,(1.0000000000446747+0j)
990,0.0099,(1.0000000000406994+0j)
991,0.00991,(1.000000000036339+0j)
992,0.00992,(1.0000000000316727+0j)
993,0.009930000000000001,(1.0000000000267801+0j)
994,0.009940000000000001,(1.0000000000217408+0j)
995,0.00995,(1.0000000000166323+0j)
996,0.00996,(1.0000000000115297+0j)
997,0.009970000000000001,(1.0000000000065044+0j)
998,0.009980000000000001,(1.0000000000016231+0j)
999,0.00999,(0.999999999996948+0j)
